Timestamp,Fixation Index,Fixation Duration,SourceStimuliName,source_file_line,source_file_col
488744.3062,1400,133.34325,t7_eclipse (C_5.java),9,11
488902.6159,1401,349.9524,t7_eclipse (C_5.java),8,12
489310.9018,1402,216.6149,t7_eclipse (C_5.java),3,4
489635.8485,1403,166.69025,t7_eclipse (C_5.java),3,12
489835.8153,1404,99.93915,t7_eclipse (C_5.java),3,20
490135.789,1405,208.294,t7_eclipse (C_5.java),9,15
490569.1063,1406,474.9212,t7_eclipse (C_5.java),11,25
491069.1325,1407,75.02525,t7_eclipse (C_5.java),11,25
491577.3025,1408,75.011,t7_eclipse (C_5.java),9,49
491693.9895,1409,233.35115,t7_eclipse (C_5.java),15,12
491960.5952,1410,391.61615,t7_eclipse (C_5.java),15,16
492510.5799,1411,124.9933,t7_eclipse (C_5.java),11,14
492593.8593,1412,158.3289,t7_eclipse (C_5.java),11,15
492760.5144,1413,174.99335,t7_eclipse (C_5.java),11,17
493052.1815,1414,224.97605,t7_eclipse (C_5.java),16,19
493310.4861,1415,324.9835,t7_eclipse (C_5.java),17,21
493810.4074,1416,75.0234,t7_eclipse (C_5.java),11,17
493885.4324,1417,166.6466,t7_eclipse (C_5.java),12,20
494210.404,1418,108.29035,t7_eclipse (C_5.java),12,28
494377.0448,1419,349.99125,t7_eclipse (C_5.java),11,27
494777.0664,1420,233.3239,t7_eclipse (C_5.java),20,16
495093.6201,1421,216.6424,t7_eclipse (C_5.java),20,12
495410.2826,1422,83.3563,t7_eclipse (C_5.java),20,12
496210.2127,1424,133.28695,t7_eclipse (C_5.java),20,11
496360.1519,1425,108.3298,t7_eclipse (C_5.java),21,11
496518.5006,1426,366.5605,t7_eclipse (C_5.java),21,21
497101.7693,1427,199.99365,t7_eclipse (C_5.java),21,17
497301.7242,1428,299.9889,t7_eclipse (C_5.java),18,11
497651.7177,1429,258.3153,t7_eclipse (C_5.java),20,13
497951.7152,1430,274.98045,t7_eclipse (C_5.java),20,8
498260.0039,1431,216.625,t7_eclipse (C_5.java),21,13
498501.6212,1432,233.30205,t7_eclipse (C_5.java),21,20
498959.9238,1433,208.3506,t7_eclipse (C_5.java),20,16
499343.2271,1434,191.6388,t7_eclipse (C_5.java),21,16
499551.5716,1435,183.2817,t7_eclipse (C_5.java),21,17
499768.1958,1436,233.285,t7_eclipse (C_5.java),21,23
500226.5221,1437,274.954,t7_eclipse (C_5.java),21,19
500576.4693,1438,99.978,t7_eclipse (C_5.java),16,16
500734.8742,1439,133.26725,t7_eclipse (C_5.java),15,11
500959.8094,1440,116.6837,t7_eclipse (C_5.java),15,16
501343.0839,1442,75.0044,t7_eclipse (C_5.java),21,23
501576.3976,1443,66.67695,t7_eclipse (C_5.java),16,18
501676.3899,1444,66.67895,t7_eclipse (C_5.java),16,20
501784.7436,1445,199.95215,t7_eclipse (C_5.java),17,17
502059.7232,1446,66.69805,t7_eclipse (C_5.java),17,16
502226.3818,1447,233.30175,t7_eclipse (C_5.java),17,13
502492.9975,1448,133.3071,t7_eclipse (C_5.java),21,18
502859.6369,1449,233.31635,t7_eclipse (C_5.java),22,21
503151.3409,1450,200.04025,t7_eclipse (C_5.java),21,15
503526.3116,1451,124.9612,t7_eclipse (C_5.java),22,34
503626.2282,1452,75.0363,t7_eclipse (C_5.java),22,28
503726.2592,1453,158.3209,t7_eclipse (C_5.java),21,31
504142.8733,1455,499.94995,t7_eclipse (C_5.java),22,19
504867.8009,1456,141.65165,t7_eclipse (C_5.java),21,16
505067.7527,1457,266.6859,t7_eclipse (C_5.java),22,15
505684.364,1458,158.30475,t7_eclipse (C_5.java),21,19
505851.024,1459,116.6572,t7_eclipse (C_5.java),22,19
506584.2766,1460,83.34075,t7_eclipse (C_5.java),22,27
507084.2519,1461,141.6604,t7_eclipse (C_5.java),22,32
507467.6037,1462,83.3403,t7_eclipse (C_5.java),22,29
507717.5263,1463,241.69355,t7_eclipse (C_5.java),21,18
507942.5019,1464,274.9747,t7_eclipse (C_5.java),18,16
508425.7612,1465,133.35225,t7_eclipse (C_5.java),23,34
509217.3832,1468,233.32235,t7_eclipse (C_5.java),20,12
509559.0121,1469,116.6275,t7_eclipse (C_5.java),22,24
509917.3083,1470,274.99385,t7_eclipse (C_5.java),21,31
510883.8561,1473,225.01845,t7_eclipse (C_5.java),22,34
511100.4999,1474,249.9857,t7_eclipse (C_5.java),21,30
511533.7963,1475,191.6526,t7_eclipse (C_5.java),22,33
511942.0853,1476,225.0077,t7_eclipse (C_5.java),18,12
512358.7445,1477,108.3152,t7_eclipse (C_5.java),21,30
512467.0828,1478,391.61865,t7_eclipse (C_5.java),22,34
512900.3274,1479,183.3182,t7_eclipse (C_5.java),22,38
513250.2914,1480,141.63545,t7_eclipse (C_5.java),22,39
513441.9691,1481,108.30665,t7_eclipse (C_5.java),18,12
513600.2726,1482,66.65885,t7_eclipse (C_5.java),16,13
513816.9063,1483,549.9794,t7_eclipse (C_5.java),20,14
514375.2125,1484,149.9705,t7_eclipse (C_5.java),18,18
514908.5014,1485,233.2895,t7_eclipse (C_5.java),22,15
515183.4384,1486,133.2648,t7_eclipse (C_5.java),22,19
515325.092,1487,83.3273,t7_eclipse (C_5.java),22,21
515408.4571,1488,158.315,t7_eclipse (C_5.java),21,24
515666.731,1489,133.2891,t7_eclipse (C_5.java),22,31
515916.7422,1490,83.3125,t7_eclipse (C_5.java),22,37
516116.7159,1491,174.97195,t7_eclipse (C_5.java),22,32
516250.0065,1492,149.9995,t7_eclipse (C_5.java),22,36
516666.6641,1493,133.3197,t7_eclipse (C_5.java),22,39
516941.637,1494,75.0489,t7_eclipse (C_5.java),22,40
517149.9654,1495,91.64775,t7_eclipse (C_5.java),22,33
517474.9142,1496,208.303,t7_eclipse (C_5.java),24,16
517916.5166,1497,74.9735,t7_eclipse (C_5.java),30,31
518016.4978,1498,358.32,t7_eclipse (C_5.java),29,33
519274.8036,1500,158.3237,t7_eclipse (C_5.java),30,13
519682.98,1501,116.6711,t7_eclipse (C_5.java),30,17
520282.9052,1503,441.57425,t7_eclipse (C_5.java),12,14
520741.1808,1504,199.98915,t7_eclipse (C_5.java),15,11
520974.5159,1505,724.9699,t7_eclipse (C_5.java),16,8
523324.2008,1508,233.29405,t7_eclipse (C_5.java),37,46
523757.4561,1510,66.641,t7_eclipse (C_5.java),29,12
524682.4005,1514,208.30755,t7_eclipse (C_5.java),9,13
525165.6504,1516,133.27475,t7_eclipse (C_5.java),6,10
525257.3301,1517,133.2585,t7_eclipse (C_5.java),3,13
525498.9569,1518,133.3054,t7_eclipse (C_5.java),3,25
525665.613,1519,74.999,t7_eclipse (C_5.java),3,24
525823.9827,1520,283.2992,t7_eclipse (C_5.java),11,19
526165.5524,1521,291.67785,t7_eclipse (C_5.java),12,30
526482.2026,1522,83.2968,t7_eclipse (C_5.java),13,27
526565.5372,1523,66.64715,t7_eclipse (C_5.java),13,24
526757.189,1524,166.6418,t7_eclipse (C_5.java),15,13
527015.492,1525,183.35305,t7_eclipse (C_5.java),15,20
527232.2021,1526,166.59215,t7_eclipse (C_5.java),18,16
527415.5335,1527,208.3342,t7_eclipse (C_5.java),18,19
527682.1531,1528,216.6483,t7_eclipse (C_5.java),20,12
527948.7223,1529,174.9916,t7_eclipse (C_5.java),21,23
528198.7061,1530,183.283,t7_eclipse (C_5.java),22,17
528448.6984,1531,116.6769,t7_eclipse (C_5.java),21,22
528598.6306,1532,266.6529,t7_eclipse (C_5.java),21,31
529131.9609,1534,208.2555,t7_eclipse (C_5.java),21,18
529331.8963,1535,208.351,t7_eclipse (C_5.java),21,23
529573.5571,1536,483.26105,t7_eclipse (C_5.java),21,20
530056.9134,1537,241.55205,t7_eclipse (C_5.java),21,24
530756.7464,1539,183.3254,t7_eclipse (C_5.java),22,31
531123.3665,1540,349.9509,t7_eclipse (C_5.java),22,34
531589.9967,1541,183.30065,t7_eclipse (C_5.java),22,39
531714.9539,1542,133.33175,t7_eclipse (C_5.java),21,21
531889.9598,1543,191.60635,t7_eclipse (C_5.java),21,25
532364.8839,1545,191.62035,t7_eclipse (C_5.java),22,35
532589.8831,1546,283.2966,t7_eclipse (C_5.java),22,19
532914.8804,1547,249.9349,t7_eclipse (C_5.java),20,16
533164.7765,1548,75.04295,t7_eclipse (C_5.java),21,15
533264.7912,1549,266.64055,t7_eclipse (C_5.java),21,23
533631.4225,1550,116.9288,t7_eclipse (C_5.java),21,21
533773.0744,1551,199.9649,t7_eclipse (C_5.java),20,16
534023.0574,1552,166.69215,t7_eclipse (C_5.java),15,11
534422.9819,1554,558.3074,t7_eclipse (C_5.java),20,13
535031.2829,1555,183.34095,t7_eclipse (C_5.java),20,17
535197.9091,1556,416.56515,t7_eclipse (C_5.java),20,16
535897.8445,1558,174.98565,t7_eclipse (C_5.java),21,24
536081.2373,1559,291.6276,t7_eclipse (C_5.java),16,18
536356.1828,1560,116.66505,t7_eclipse (C_5.java),16,16
536764.4968,1561,275.00775,t7_eclipse (C_5.java),21,19
536889.4132,1562,149.9784,t7_eclipse (C_5.java),21,25
537056.0473,1563,200.0048,t7_eclipse (C_5.java),23,17
537306.1047,1564,174.96125,t7_eclipse (C_5.java),22,22
537514.3991,1565,191.63395,t7_eclipse (C_5.java),22,19
537731.0118,1566,141.6355,t7_eclipse (C_5.java),21,30
538105.9445,1567,258.30625,t7_eclipse (C_5.java),22,35
538722.5676,1569,124.99,t7_eclipse (C_5.java),15,16
538914.2591,1570,149.96935,t7_eclipse (C_5.java),21,25
539147.6254,1571,125.03955,t7_eclipse (C_5.java),21,17
539339.2228,1572,616.61335,t7_eclipse (C_5.java),22,32
540055.8185,1573,274.9616,t7_eclipse (C_5.java),22,37
540355.8385,1574,283.32515,t7_eclipse (C_5.java),16,14
540930.7845,1576,241.62025,t7_eclipse (C_5.java),11,15
541205.7406,1577,191.69705,t7_eclipse (C_5.java),11,18
541405.8063,1578,74.97125,t7_eclipse (C_5.java),12,17
541514.0559,1579,141.67795,t7_eclipse (C_5.java),17,15
541739.0664,1580,158.34975,t7_eclipse (C_5.java),21,30
541930.7259,1581,308.3147,t7_eclipse (C_5.java),21,20
542280.6788,1582,224.94035,t7_eclipse (C_5.java),23,16
542530.6586,1583,216.68065,t7_eclipse (C_5.java),22,24
542930.6551,1584,141.67395,t7_eclipse (C_5.java),22,32
543205.6362,1585,141.65335,t7_eclipse (C_5.java),22,39
543430.6159,1586,133.28675,t7_eclipse (C_5.java),23,44
543655.5659,1587,241.6642,t7_eclipse (C_5.java),23,15
544463.8448,1588,141.6091,t7_eclipse (C_5.java),21,32
544588.8448,1589,83.32625,t7_eclipse (C_5.java),21,29
545238.7445,1591,483.3162,t7_eclipse (C_5.java),22,33
545788.6851,1594,108.32085,t7_eclipse (C_5.java),22,35
546046.991,1595,174.93935,t7_eclipse (C_5.java),22,35
546172.0062,1596,91.615,t7_eclipse (C_5.java),22,38
546263.6376,1597,75.0232,t7_eclipse (C_5.java),22,35
546988.567,1599,208.3408,t7_eclipse (C_5.java),22,38
547330.2281,1600,349.9615,t7_eclipse (C_5.java),22,41
548121.8518,1602,66.62265,t7_eclipse (C_5.java),22,33
548155.1379,1603,99.98985,t7_eclipse (C_5.java),22,35
548371.8002,1604,424.9489,t7_eclipse (C_5.java),22,33
548730.1179,1605,116.6208,t7_eclipse (C_5.java),22,37
548855.1248,1606,208.35055,t7_eclipse (C_5.java),22,37
549180.1756,1607,100.00285,t7_eclipse (C_5.java),16,12
549321.7524,1608,400.00415,t7_eclipse (C_5.java),15,18
549771.7327,1609,91.68735,t7_eclipse (C_5.java),12,20
549963.4475,1610,141.6994,t7_eclipse (C_5.java),12,16
550180.0894,1611,108.28535,t7_eclipse (C_5.java),22,40
550930.0017,1613,108.33815,t7_eclipse (C_5.java),21,12
551096.6308,1614,199.9625,t7_eclipse (C_5.java),20,13
551438.3793,1615,99.9866,t7_eclipse (C_5.java),21,30
551563.2781,1616,91.66545,t7_eclipse (C_5.java),21,29
551663.274,1617,91.6954,t7_eclipse (C_5.java),22,35
551804.9602,1618,241.64035,t7_eclipse (C_5.java),22,38
552113.3,1619,116.6353,t7_eclipse (C_5.java),22,42
552304.9055,1620,124.9774,t7_eclipse (C_5.java),20,15
552379.9337,1621,241.6256,t7_eclipse (C_5.java),15,12
552763.2209,1622,175.0235,t7_eclipse (C_5.java),15,17
552979.8747,1623,1041.5559,t7_eclipse (C_5.java),16,20
554579.7302,1625,125.21505,t7_eclipse (C_5.java),21,31
554763.0571,1626,91.6745,t7_eclipse (C_5.java),21,29
554971.3973,1627,208.29105,t7_eclipse (C_5.java),22,17
555188.0334,1628,91.65385,t7_eclipse (C_5.java),22,14
555554.6966,1629,191.6209,t7_eclipse (C_5.java),23,30
555896.3007,1630,124.9725,t7_eclipse (C_5.java),22,34
556096.3038,1631,391.61375,t7_eclipse (C_5.java),22,41
556521.2347,1632,99.9957,t7_eclipse (C_5.java),21,21
556629.5633,1633,108.3294,t7_eclipse (C_5.java),22,23
556787.8549,1634,116.61665,t7_eclipse (C_5.java),21,29
557096.1586,1635,125.0065,t7_eclipse (C_5.java),9,26
557312.805,1636,224.95875,t7_eclipse (C_5.java),15,20
557604.4706,1637,141.67325,t7_eclipse (C_5.java),21,28
558004.4318,1638,316.67685,t7_eclipse (C_5.java),22,35
558387.7564,1639,241.77435,t7_eclipse (C_5.java),16,16
558921.0315,1640,191.65535,t7_eclipse (C_5.java),21,29
559154.3109,1641,183.34505,t7_eclipse (C_5.java),22,35
559362.6606,1642,166.70585,t7_eclipse (C_5.java),18,18
559570.9904,1643,183.3482,t7_eclipse (C_5.java),21,24
559887.6177,1644,141.6391,t7_eclipse (C_5.java),21,17
560445.946,1646,133.2751,t7_eclipse (C_5.java),22,36
560645.8631,1647,99.99065,t7_eclipse (C_5.java),21,24
560820.8697,1648,133.3276,t7_eclipse (C_5.java),21,32
561287.4804,1649,191.62145,t7_eclipse (C_5.java),20,16
561629.1211,1650,99.96995,t7_eclipse (C_5.java),21,23
561870.77,1651,166.6618,t7_eclipse (C_5.java),21,19
562762.4536,1654,91.6095,t7_eclipse (C_5.java),22,30
562862.4175,1655,74.98405,t7_eclipse (C_5.java),22,32
563470.6408,1657,274.98595,t7_eclipse (C_5.java),20,17
563912.2652,1658,83.36205,t7_eclipse (C_5.java),21,21
564153.9442,1659,216.6136,t7_eclipse (C_5.java),21,26
564545.5709,1661,133.31525,t7_eclipse (C_5.java),16,16
564728.8631,1662,349.98765,t7_eclipse (C_5.java),20,16
565178.8496,1663,250.0085,t7_eclipse (C_5.java),22,34
565428.8822,1664,199.9632,t7_eclipse (C_5.java),22,33
565653.7994,1665,158.3117,t7_eclipse (C_5.java),23,35
566020.4901,1666,174.9238,t7_eclipse (C_5.java),22,25
566237.0489,1667,99.992,t7_eclipse (C_5.java),22,22
566420.3918,1668,616.63635,t7_eclipse (C_5.java),24,14
567086.97,1669,91.62465,t7_eclipse (C_5.java),23,19
567245.3152,1670,66.64575,t7_eclipse (C_5.java),30,28
567378.6105,1671,108.3195,t7_eclipse (C_5.java),29,33
567478.679,1672,99.986,t7_eclipse (C_5.java),29,33
567653.5997,1673,299.99345,t7_eclipse (C_5.java),29,40
568061.9706,1674,91.6822,t7_eclipse (C_5.java),30,12
568286.9404,1675,199.58465,t7_eclipse (C_5.java),29,21
568528.5042,1676,91.64805,t7_eclipse (C_5.java),29,25
569120.1211,1677,91.66485,t7_eclipse (C_5.java),29,35
569386.7785,1678,91.673,t7_eclipse (C_5.java),29,29
569586.8464,1679,191.6596,t7_eclipse (C_5.java),29,27
569945.0629,1680,133.3407,t7_eclipse (C_5.java),29,16
570120.0703,1681,66.65515,t7_eclipse (C_5.java),29,8
570220.1447,1682,100.00615,t7_eclipse (C_5.java),29,10
570403.3509,1683,141.65765,t7_eclipse (C_5.java),29,9
570653.3586,1684,166.65355,t7_eclipse (C_5.java),29,19
570961.721,1685,249.9766,t7_eclipse (C_5.java),29,30
571636.612,1686,116.66095,t7_eclipse (C_5.java),29,22
572336.5525,1689,216.7044,t7_eclipse (C_5.java),29,40
572603.1699,1690,133.3448,t7_eclipse (C_5.java),29,52
572819.827,1691,141.6284,t7_eclipse (C_5.java),29,19
573036.4905,1692,75.01305,t7_eclipse (C_5.java),29,21
573394.7894,1693,83.319,t7_eclipse (C_5.java),29,24
573511.4609,1694,99.9552,t7_eclipse (C_5.java),29,27
573778.1058,1695,66.68445,t7_eclipse (C_5.java),30,36
574753.0136,1697,133.3052,t7_eclipse (C_5.java),29,26
577561.0888,1701,308.3216,t7_eclipse (C_5.java),29,37
578319.4337,1702,166.66115,t7_eclipse (C_5.java),29,17
578769.3338,1703,108.3366,t7_eclipse (C_5.java),29,23
578902.6038,1704,149.9682,t7_eclipse (C_5.java),30,21
579669.2011,1705,91.6706,t7_eclipse (C_5.java),29,21
579844.1843,1706,100.0132,t7_eclipse (C_5.java),29,24
581560.7178,1708,66.664,t7_eclipse (C_5.java),29,26
581869.023,1709,66.6631,t7_eclipse (C_5.java),21,31
582027.3438,1710,99.9921,t7_eclipse (C_5.java),21,31
582110.6408,1711,75.0696,t7_eclipse (C_5.java),22,30
583168.9006,1712,141.62505,t7_eclipse (C_5.java),29,38
583302.2052,1713,75.0245,t7_eclipse (C_5.java),29,41
583418.8675,1714,399.98885,t7_eclipse (C_5.java),29,38
584493.7586,1716,191.58815,t7_eclipse (C_5.java),16,15
584727.1528,1717,124.9665,t7_eclipse (C_5.java),15,13
584952.0681,1718,283.35685,t7_eclipse (C_5.java),15,19
585377.0044,1719,83.30885,t7_eclipse (C_5.java),30,36
585568.6531,1720,124.9889,t7_eclipse (C_5.java),29,36
585810.3021,1721,75.01155,t7_eclipse (C_5.java),30,39
586251.9669,1722,141.65715,t7_eclipse (C_5.java),30,37
586418.6048,1723,266.64265,t7_eclipse (C_5.java),29,45
587285.2001,1724,174.9891,t7_eclipse (C_5.java),29,41
587610.1502,1725,108.3498,t7_eclipse (C_5.java),29,23
587926.7742,1726,166.66795,t7_eclipse (C_5.java),30,42
588135.1881,1727,149.97535,t7_eclipse (C_5.java),29,42
588410.0733,1728,266.66865,t7_eclipse (C_5.java),29,41
588810.0282,1729,174.96525,t7_eclipse (C_5.java),29,36
589134.9847,1731,199.9559,t7_eclipse (C_5.java),29,34
589393.2979,1732,108.30985,t7_eclipse (C_5.java),30,27
589768.3088,1733,91.6398,t7_eclipse (C_5.java),29,39
590043.2634,1734,216.66005,t7_eclipse (C_5.java),29,37
590384.812,1735,308.25785,t7_eclipse (C_5.java),29,43
590959.7813,1736,291.66465,t7_eclipse (C_5.java),21,15
591501.3721,1737,199.97015,t7_eclipse (C_5.java),20,9
591959.6731,1738,124.99675,t7_eclipse (C_5.java),30,42
592159.621,1739,66.6767,t7_eclipse (C_5.java),29,44
592184.6323,1740,83.31525,t7_eclipse (C_5.java),29,43
592601.2068,1741,75.0055,t7_eclipse (C_5.java),21,19
592759.5098,1742,183.3288,t7_eclipse (C_5.java),21,28
592992.8615,1743,83.2972,t7_eclipse (C_5.java),22,33
593059.4906,1744,141.6754,t7_eclipse (C_5.java),22,33
593234.4894,1745,108.29305,t7_eclipse (C_5.java),22,37
593801.0566,1746,158.3305,t7_eclipse (C_5.java),29,24
594067.8271,1747,66.69815,t7_eclipse (C_5.java),29,18
594201.0187,1748,91.5963,t7_eclipse (C_5.java),30,17
594342.6762,1749,124.99405,t7_eclipse (C_5.java),29,21
594526.0056,1750,158.30795,t7_eclipse (C_5.java),22,32
594859.3016,1751,191.64175,t7_eclipse (C_5.java),23,34
595100.9635,1752,158.29385,t7_eclipse (C_5.java),29,37
595375.9736,1753,66.64045,t7_eclipse (C_5.java),30,37
595992.6022,1754,74.966,t7_eclipse (C_5.java),22,35
596234.2379,1755,258.27535,t7_eclipse (C_5.java),22,31
596525.7995,1756,566.6157,t7_eclipse (C_5.java),22,32
597134.1044,1757,166.63305,t7_eclipse (C_5.java),23,35
597409.0812,1758,333.36425,t7_eclipse (C_5.java),20,12
597809.0259,1759,174.9564,t7_eclipse (C_5.java),18,15
598050.658,1760,133.3149,t7_eclipse (C_5.java),16,9
598200.6452,1761,91.6556,t7_eclipse (C_5.java),16,13
598433.9582,1762,141.644,t7_eclipse (C_5.java),21,16
598650.6233,1763,124.97665,t7_eclipse (C_5.java),22,34
599367.181,1765,216.682,t7_eclipse (C_5.java),20,16
600142.0977,1767,308.35545,t7_eclipse (C_5.java),22,35
600850.3901,1768,133.28165,t7_eclipse (C_5.java),30,36
601125.3594,1769,99.9605,t7_eclipse (C_5.java),30,42
601242.0009,1770,91.6974,t7_eclipse (C_5.java),29,37
601375.3612,1771,208.29145,t7_eclipse (C_5.java),30,32
601691.9629,1772,191.61885,t7_eclipse (C_5.java),29,37
602300.2213,1773,91.6628,t7_eclipse (C_5.java),29,31
602458.5304,1774,174.9351,t7_eclipse (C_5.java),30,45
602983.4754,1775,108.3042,t7_eclipse (C_5.java),29,27
603108.455,1776,91.6022,t7_eclipse (C_5.java),30,32
603608.4107,1777,83.3148,t7_eclipse (C_5.java),30,38
603808.3908,1778,1474.88405,t7_eclipse (C_5.java),30,45
605449.8708,1779,74.97,t7_eclipse (C_5.java),21,22
605574.889,1780,216.6371,t7_eclipse (C_5.java),22,21
605883.1638,1781,108.3371,t7_eclipse (C_5.java),22,28
606091.5048,1782,91.63755,t7_eclipse (C_5.java),22,35
606391.4735,1783,83.3637,t7_eclipse (C_5.java),22,38
606558.103,1784,116.654,t7_eclipse (C_5.java),22,43
606916.4247,1785,283.311,t7_eclipse (C_5.java),23,17
607366.386,1786,191.56635,t7_eclipse (C_5.java),23,29
607807.9987,1787,133.3271,t7_eclipse (C_5.java),22,24
608066.3294,1788,266.7065,t7_eclipse (C_5.java),22,38
608491.2874,1789,174.99065,t7_eclipse (C_5.java),21,31
608807.9235,1790,208.2932,t7_eclipse (C_5.java),22,39
609141.217,1791,199.98365,t7_eclipse (C_5.java),22,33
609416.1905,1792,166.6408,t7_eclipse (C_5.java),22,32
609607.824,1793,216.66165,t7_eclipse (C_5.java),21,19
609857.8317,1794,299.9625,t7_eclipse (C_5.java),23,26
610374.429,1795,66.64215,t7_eclipse (C_5.java),22,35
610491.1934,1796,91.6968,t7_eclipse (C_5.java),22,42
610699.4216,1797,74.99645,t7_eclipse (C_5.java),13,17
610782.7519,1798,83.2993,t7_eclipse (C_5.java),13,16
610907.7476,1799,125.05925,t7_eclipse (C_5.java),15,17
611007.7403,1800,99.98455,t7_eclipse (C_5.java),15,19
611124.4599,1801,824.88325,t7_eclipse (C_5.java),16,20
611999.2892,1802,174.9588,t7_eclipse (C_5.java),12,18
612357.6765,1803,66.63515,t7_eclipse (C_5.java),11,21
612557.5775,1804,291.65345,t7_eclipse (C_5.java),12,28
612890.8837,1805,166.6913,t7_eclipse (C_5.java),17,19
613057.5639,1806,350.00615,t7_eclipse (C_5.java),16,19
613507.5486,1807,91.66925,t7_eclipse (C_5.java),11,24
613674.1498,1808,166.6282,t7_eclipse (C_5.java),11,17
613865.8623,1809,91.6888,t7_eclipse (C_5.java),12,28
614149.1346,1810,466.58375,t7_eclipse (C_5.java),22,37
614624.0952,1811,266.6141,t7_eclipse (C_5.java),22,42
614940.7264,1812,324.98685,t7_eclipse (C_5.java),22,40
615623.9981,1814,74.99095,t7_eclipse (C_5.java),30,34
615723.9573,1815,150.00315,t7_eclipse (C_5.java),30,35
615890.6357,1816,75.0822,t7_eclipse (C_5.java),29,37
616057.2982,1817,166.63585,t7_eclipse (C_5.java),29,38
616473.8899,1819,199.9504,t7_eclipse (C_5.java),21,19
616682.2015,1820,466.6527,t7_eclipse (C_5.java),20,17
617698.7747,1821,249.97565,t7_eclipse (C_5.java),21,21
618215.3898,1823,216.66335,t7_eclipse (C_5.java),22,36
618482.0312,1824,133.3022,t7_eclipse (C_5.java),23,44
620440.1722,1827,199.9426,t7_eclipse (C_5.java),30,35
620665.1201,1828,233.2993,t7_eclipse (C_5.java),29,27
620965.0857,1829,491.5865,t7_eclipse (C_5.java),30,42
621556.6812,1830,99.9866,t7_eclipse (C_5.java),30,32
622023.257,1831,83.3219,t7_eclipse (C_5.java),30,28
622181.6002,1832,150.00935,t7_eclipse (C_5.java),29,22
622448.2298,1833,83.3273,t7_eclipse (C_5.java),30,24
622564.8858,1834,74.92485,t7_eclipse (C_5.java),30,31
622698.1727,1835,125.05115,t7_eclipse (C_5.java),30,31
622898.1819,1836,324.9497,t7_eclipse (C_5.java),29,35
623323.0955,1837,116.6256,t7_eclipse (C_5.java),29,41
623431.4156,1838,125.0008,t7_eclipse (C_5.java),30,38
623689.713,1839,249.9712,t7_eclipse (C_5.java),30,46
624089.674,1840,66.66425,t7_eclipse (C_5.java),30,23
624131.3817,1841,99.9848,t7_eclipse (C_5.java),30,23
624239.7622,1842,99.97095,t7_eclipse (C_5.java),30,20
624364.6857,1843,99.99375,t7_eclipse (C_5.java),30,18
624606.349,1844,125.01625,t7_eclipse (C_5.java),21,27
624764.6085,1845,308.33005,t7_eclipse (C_5.java),22,26
625106.2408,1846,449.9012,t7_eclipse (C_5.java),22,34
625714.5436,1847,75.0134,t7_eclipse (C_5.java),22,28
625864.5037,1848,224.9684,t7_eclipse (C_5.java),18,15
626089.4812,1849,183.33485,t7_eclipse (C_5.java),17,17
626314.457,1850,649.9357,t7_eclipse (C_5.java),16,20
627622.6655,1851,124.97665,t7_eclipse (C_5.java),15,22
627680.9947,1852,799.9216,t7_eclipse (C_5.java),15,18
628514.2454,1853,324.97165,t7_eclipse (C_5.java),17,19
629105.8404,1854,108.366,t7_eclipse (C_5.java),30,43
629264.2389,1855,216.6338,t7_eclipse (C_5.java),30,37
629505.8172,1856,174.9613,t7_eclipse (C_5.java),29,23
629730.766,1857,108.3104,t7_eclipse (C_5.java),23,27
629880.7419,1858,83.37635,t7_eclipse (C_5.java),21,25
630072.3928,1859,183.33505,t7_eclipse (C_5.java),21,25
630280.6903,1860,324.96825,t7_eclipse (C_5.java),22,38
631505.5311,1862,183.3315,t7_eclipse (C_5.java),21,24
631855.5234,1863,174.9932,t7_eclipse (C_5.java),21,17
631963.8366,1864,216.6238,t7_eclipse (C_5.java),21,15
632297.0934,1865,74.9734,t7_eclipse (C_5.java),23,31
632605.4185,1866,266.61705,t7_eclipse (C_5.java),30,40
633121.9899,1867,358.25035,t7_eclipse (C_5.java),23,37
633563.6677,1868,266.64795,t7_eclipse (C_5.java),29,44
633855.2572,1869,333.2768,t7_eclipse (C_5.java),23,30
634230.1908,1870,183.3833,t7_eclipse (C_5.java),21,19
634563.5048,1871,241.6408,t7_eclipse (C_5.java),21,18
634855.1526,1872,133.32275,t7_eclipse (C_5.java),20,13
635038.4433,1873,283.3327,t7_eclipse (C_5.java),20,16
635730.0361,1874,183.3563,t7_eclipse (C_5.java),30,44
635955.0133,1875,300.00325,t7_eclipse (C_5.java),17,14
636338.3114,1876,91.63065,t7_eclipse (C_5.java),22,22
636496.7178,1877,66.61345,t7_eclipse (C_5.java),22,22
636596.6357,1878,166.6643,t7_eclipse (C_5.java),22,26
636788.3153,1879,233.30815,t7_eclipse (C_5.java),22,32
637038.2706,1880,166.6133,t7_eclipse (C_5.java),22,36
637221.6423,1881,83.38885,t7_eclipse (C_5.java),22,32
637346.5477,1882,91.6296,t7_eclipse (C_5.java),22,29
637629.8445,1883,149.9916,t7_eclipse (C_5.java),30,34
637821.5058,1884,133.3053,t7_eclipse (C_5.java),30,32
638163.1255,1885,349.9818,t7_eclipse (C_5.java),30,41
638579.7877,1886,374.9592,t7_eclipse (C_5.java),30,43
639046.3655,1887,133.32135,t7_eclipse (C_5.java),30,35
639454.7338,1889,250.03165,t7_eclipse (C_5.java),29,41
639829.6113,1890,141.62815,t7_eclipse (C_5.java),30,43
640162.9283,1891,74.99015,t7_eclipse (C_5.java),30,23
640462.8993,1892,208.31865,t7_eclipse (C_5.java),30,44
640862.8319,1893,133.2904,t7_eclipse (C_5.java),18,18
640929.564,1894,724.8917,t7_eclipse (C_5.java),17,21
641679.4745,1895,108.2961,t7_eclipse (C_5.java),16,22
641804.4085,1896,208.2818,t7_eclipse (C_5.java),16,20
642037.6756,1897,408.28635,t7_eclipse (C_5.java),15,20
642462.6526,1898,449.9339,t7_eclipse (C_5.java),16,19
642970.9217,1899,166.64315,t7_eclipse (C_5.java),16,20
643304.189,1900,174.9974,t7_eclipse (C_5.java),30,39
643487.5429,1901,408.2863,t7_eclipse (C_5.java),30,42
643945.8114,1902,74.99615,t7_eclipse (C_5.java),30,39
644037.4491,1903,66.66675,t7_eclipse (C_5.java),29,38
644154.1222,1904,616.60345,t7_eclipse (C_5.java),30,44
644845.6996,1905,74.99875,t7_eclipse (C_5.java),30,36
644929.0473,1906,158.3166,t7_eclipse (C_5.java),30,37
645687.3577,1907,158.26225,t7_eclipse (C_5.java),17,17
645870.6134,1908,708.277,t7_eclipse (C_5.java),15,18
646678.8384,1909,99.9954,t7_eclipse (C_5.java),16,19
646978.8282,1910,758.22485,t7_eclipse (C_5.java),15,17
647887.0837,1911,574.97165,t7_eclipse (C_5.java),15,19
648420.3263,1912,116.64155,t7_eclipse (C_5.java),15,19
648545.3397,1913,524.94785,t7_eclipse (C_5.java),16,19
649445.3504,1915,483.28135,t7_eclipse (C_5.java),16,19
650203.5108,1917,83.28635,t7_eclipse (C_5.java),23,38
650545.134,1918,383.3045,t7_eclipse (C_5.java),30,37
651128.4496,1919,83.30575,t7_eclipse (C_5.java),29,41
651261.8055,1920,299.95545,t7_eclipse (C_5.java),21,15
652003.3901,1921,324.9387,t7_eclipse (C_5.java),30,34
652461.6685,1922,158.25765,t7_eclipse (C_5.java),29,40
652636.6147,1923,275.04335,t7_eclipse (C_5.java),30,40
653261.6063,1925,83.31915,t7_eclipse (C_5.java),16,19
653303.3355,1926,441.60385,t7_eclipse (C_5.java),15,20
653761.5482,1927,141.6833,t7_eclipse (C_5.java),17,19
653919.8665,1928,316.60075,t7_eclipse (C_5.java),16,17
654253.1363,1929,233.3426,t7_eclipse (C_5.java),15,19
654511.4742,1930,866.5514,t7_eclipse (C_5.java),16,20
655744.6821,1933,199.97655,t7_eclipse (C_5.java),29,8
656052.9667,1934,75.0276,t7_eclipse (C_5.java),21,21
656211.2978,1935,508.3511,t7_eclipse (C_5.java),21,21
656752.8987,1936,66.73115,t7_eclipse (C_5.java),22,24
656894.6169,1937,241.67155,t7_eclipse (C_5.java),20,14
657277.8595,1938,408.2769,t7_eclipse (C_5.java),18,7
657711.1184,1939,258.33895,t7_eclipse (C_5.java),22,13
658519.4034,1941,66.6583,t7_eclipse (C_5.java),37,13
659236.0132,1942,66.68345,t7_eclipse (C_5.java),37,52
659944.2713,1944,66.691,t7_eclipse (C_5.java),37,6
660085.931,1945,75.07075,t7_eclipse (C_5.java),37,19
660352.6096,1946,66.6555,t7_eclipse (C_5.java),37,29
661169.229,1948,183.3323,t7_eclipse (C_5.java),21,20
661385.8553,1949,241.6139,t7_eclipse (C_5.java),17,15
662085.8171,1950,166.6432,t7_eclipse (C_5.java),22,33
662335.8338,1951,158.3107,t7_eclipse (C_5.java),23,29
662694.142,1952,116.64115,t7_eclipse (C_5.java),21,26
663060.8511,1954,233.26855,t7_eclipse (C_5.java),23,31
663419.0747,1955,233.3165,t7_eclipse (C_5.java),22,37
663719.1079,1956,166.65965,t7_eclipse (C_5.java),16,14
664119.0406,1957,133.31755,t7_eclipse (C_5.java),22,18
664302.3418,1958,216.66605,t7_eclipse (C_5.java),22,36
664535.6717,1959,66.67175,t7_eclipse (C_5.java),22,33
664618.986,1960,116.63825,t7_eclipse (C_5.java),23,32
664927.3091,1961,199.95305,t7_eclipse (C_5.java),30,34
665193.9206,1962,433.27085,t7_eclipse (C_5.java),30,39
665727.2313,1963,124.9891,t7_eclipse (C_5.java),30,42
665843.8594,1964,158.30895,t7_eclipse (C_5.java),30,44
666068.8673,1965,216.55115,t7_eclipse (C_5.java),16,16
666610.4683,1966,333.2937,t7_eclipse (C_5.java),30,36
666977.1004,1967,158.2934,t7_eclipse (C_5.java),29,42
667243.8388,1968,66.71145,t7_eclipse (C_5.java),30,37
667677.014,1969,83.32365,t7_eclipse (C_5.java),30,42
667877.0306,1970,208.3434,t7_eclipse (C_5.java),18,15
668118.6809,1971,216.61055,t7_eclipse (C_5.java),16,19
668551.956,1973,175.0261,t7_eclipse (C_5.java),23,32
668768.579,1974,266.65015,t7_eclipse (C_5.java),23,36
669076.8991,1975,166.65595,t7_eclipse (C_5.java),22,42
669276.899,1976,99.96115,t7_eclipse (C_5.java),30,42
669493.614,1977,158.3283,t7_eclipse (C_5.java),29,40
669651.8744,1978,83.28725,t7_eclipse (C_5.java),30,39
669768.5339,1979,100.0442,t7_eclipse (C_5.java),30,42
669876.8843,1980,299.9761,t7_eclipse (C_5.java),30,45
670260.2142,1981,133.3351,t7_eclipse (C_5.java),29,42
671026.75,1985,75.0203,t7_eclipse (C_5.java),29,46
671168.4249,1986,258.3056,t7_eclipse (C_5.java),30,44
671451.7182,1987,91.66075,t7_eclipse (C_5.java),29,39
671693.3739,1988,125.0068,t7_eclipse (C_5.java),30,36
671918.382,1989,208.32505,t7_eclipse (C_5.java),30,44
672185.0419,1990,124.99255,t7_eclipse (C_5.java),30,38
672510.0218,1991,83.33825,t7_eclipse (C_5.java),30,39
672668.3348,1992,183.3155,t7_eclipse (C_5.java),30,39
673209.9385,1994,91.6362,t7_eclipse (C_5.java),30,41
673401.6169,1995,141.64505,t7_eclipse (C_5.java),30,43
673726.5709,1996,216.67455,t7_eclipse (C_5.java),18,15
674318.2151,1998,99.9589,t7_eclipse (C_5.java),30,38
674684.8181,1999,66.68265,t7_eclipse (C_5.java),30,44
674884.8177,2001,283.29625,t7_eclipse (C_5.java),30,40
675201.4735,2002,183.2718,t7_eclipse (C_5.java),17,15
675401.4494,2003,208.2921,t7_eclipse (C_5.java),16,19
675693.0524,2004,433.26795,t7_eclipse (C_5.java),17,18
676267.9997,2005,66.65075,t7_eclipse (C_5.java),15,20
676343.0223,2006,399.9767,t7_eclipse (C_5.java),16,19
676751.3186,2007,375.0085,t7_eclipse (C_5.java),15,19
677159.6144,2008,208.3196,t7_eclipse (C_5.java),16,19
677376.228,2009,175.003,t7_eclipse (C_5.java),17,17
677576.2101,2010,366.6447,t7_eclipse (C_5.java),16,19
677967.8355,2011,316.6538,t7_eclipse (C_5.java),18,18
678334.4972,2012,299.9315,t7_eclipse (C_5.java),15,18
678659.4386,2013,1566.5827,t7_eclipse (C_5.java),17,19
680367.6728,2014,191.6794,t7_eclipse (C_5.java),18,17
680476.0214,2015,208.3175,t7_eclipse (C_5.java),18,18
680700.9734,2016,383.3192,t7_eclipse (C_5.java),17,18
681167.6321,2017,316.6605,t7_eclipse (C_5.java),15,19
681492.6638,2018,149.99115,t7_eclipse (C_5.java),18,20
681692.5614,2019,66.62175,t7_eclipse (C_5.java),18,19
681850.884,2020,133.31155,t7_eclipse (C_5.java),17,20
682292.603,2021,66.66655,t7_eclipse (C_5.java),17,17
682542.5099,2022,383.2821,t7_eclipse (C_5.java),16,20
684109.0707,2024,191.6882,t7_eclipse (C_5.java),37,6
684342.4157,2025,258.3098,t7_eclipse (C_5.java),18,17
684617.3559,2026,558.3346,t7_eclipse (C_5.java),17,18
685442.3037,2027,341.5732,t7_eclipse (C_5.java),22,29
685792.2804,2028,241.6102,t7_eclipse (C_5.java),16,15
686050.5894,2029,325.025,t7_eclipse (C_5.java),17,18
686433.8569,2030,174.98145,t7_eclipse (C_5.java),13,20
686658.8349,2031,99.9788,t7_eclipse (C_5.java),13,29
686783.8792,2032,124.98645,t7_eclipse (C_5.java),13,26
686983.8386,2033,424.8916,t7_eclipse (C_5.java),13,17
687492.1217,2034,83.3161,t7_eclipse (C_5.java),13,31
687667.0819,2035,108.36105,t7_eclipse (C_5.java),13,28
687792.0703,2036,266.67655,t7_eclipse (C_5.java),13,25
688083.7302,2037,133.33755,t7_eclipse (C_5.java),13,25
688233.7733,2038,149.9414,t7_eclipse (C_5.java),13,15
688400.3395,2039,299.98845,t7_eclipse (C_5.java),12,15
688733.6722,2040,149.95115,t7_eclipse (C_5.java),12,30
688933.6236,2041,191.5683,t7_eclipse (C_5.java),12,26
689141.97,2042,433.24365,t7_eclipse (C_5.java),11,25
689675.2632,2043,249.9404,t7_eclipse (C_5.java),12,30
689991.8699,2044,266.6883,t7_eclipse (C_5.java),12,26
690283.5493,2045,449.8884,t7_eclipse (C_5.java),12,31
690791.823,2046,174.9837,t7_eclipse (C_5.java),12,25
691025.1507,2047,399.97665,t7_eclipse (C_5.java),12,16
691466.7677,2048,774.9044,t7_eclipse (C_5.java),13,26
692291.6918,2049,75.0002,t7_eclipse (C_5.java),12,30
692391.6707,2050,66.68495,t7_eclipse (C_5.java),13,27
692616.6647,2051,566.63165,t7_eclipse (C_5.java),13,29
693216.6609,2052,341.63365,t7_eclipse (C_5.java),13,19
693874.8878,2053,108.26155,t7_eclipse (C_5.java),12,28
694166.524,2054,174.98775,t7_eclipse (C_5.java),13,23
694333.1719,2055,83.32765,t7_eclipse (C_5.java),12,15
694466.4652,2056,208.30685,t7_eclipse (C_5.java),13,16
694674.7858,2057,75.015,t7_eclipse (C_5.java),12,18
694799.7718,2058,399.9773,t7_eclipse (C_5.java),12,29
695266.3947,2059,166.67685,t7_eclipse (C_5.java),12,22
695483.0425,2060,108.34505,t7_eclipse (C_5.java),12,28
695591.3673,2061,374.9507,t7_eclipse (C_5.java),12,27
695991.3519,2062,325.00245,t7_eclipse (C_5.java),12,25
696349.6566,2063,874.9519,t7_eclipse (C_5.java),13,25
697232.9101,2064,258.29285,t7_eclipse (C_5.java),13,17
697549.514,2065,191.6695,t7_eclipse (C_5.java),18,14
697799.5222,2066,83.2884,t7_eclipse (C_5.java),23,29
697907.8185,2067,241.631,t7_eclipse (C_5.java),23,31
698199.4818,2068,216.6837,t7_eclipse (C_5.java),23,36
698516.1267,2069,83.3216,t7_eclipse (C_5.java),23,40
699341.021,2071,466.59765,t7_eclipse (C_5.java),25,1